{"volume": 0.07462686567164178, "autosave": 2122388.0597014925}