{"volume": 0.13940298507462687, "autosave": 1334328.3582089553, "username": "Not logged in"}